<?xml version="1.0" encoding="UTF-8"?>
<extension type="module" version="3.0" client="administrator" method="upgrade">
    <name>MOD_SMARTICONS</name>
    <author>Bogdan-Ioan SUTA</author>
    <creationDate>Nov 2015</creationDate>
    <copyright>(C) 2011 SUTA Bogdan-Ioan</copyright>
    <license>GNU/GPLv3 http://www.gnu.org/licenses/gpl-3.0.html</license>
    <authorEmail>bogdan.suta@naicum.ro</authorEmail>
    <authorUrl>http://extensions.naicum.ro</authorUrl>
    <version>2.1.0</version>
    <description>MOD_SMARTICONS_DESCRIPTION</description>
    <files>
        <filename module="mod_smarticons">mod_smarticons.php</filename>
        <filename>helper.php</filename>
        <filename>index.html</filename>
        <folder>css</folder>
        <folder>tmpl</folder>
    </files>
    <languages>
        <language tag="en-GB">language/en-GB.mod_smarticons.ini</language>
        <language tag="en-GB">language/en-GB.mod_smarticons.sys.ini</language>
    </languages>
    <help key="JHELP_EXTENSIONS_MODULE_MANAGER_ADMIN_QUICKICON" />
    <config>
        <fields name="params">
            <fieldset name="advanced">
                <field name="layout" type="modulelayout" label="JFIELD_ALT_LAYOUT_LABEL" description="JFIELD_ALT_MODULE_LAYOUT_DESC" />
            </fieldset>
        </fields>
    </config>    
</extension>