<?xml version="1.0" encoding="UTF-8"?>

<access component="com_smarticons">
	<section name="component">
		<action name="core.admin" title="JACTION_ADMIN" description="JACTION_ADMIN_COMPONENT_DESC" />
		<action name="core.manage" title="JACTION_MANAGE" description="JACTION_MANAGE_COMPONENT_DESC" />
		<action name="core.create" title="JACTION_CREATE" description="JACTION_CREATE_COMPONENT_DESC" />
		<action name="core.delete" title="JACTION_DELETE" description="JACTION_DELETE_COMPONENT_DESC" />
		<action name="core.edit" title="JACTION_EDIT" description="JACTION_EDIT_COMPONENT_DESC" />
		<action name="core.edit.state" title="JACTION_EDITSTATE" description="JACTION_EDITSTATE_COMPONENT_DESC" />
	</section>
	<section name="category">
		<action name="core.view" title="COM_SMARTICONS_ACCESS_ICON_VIEW" description="COM_SMARTICONS_ACCESS_ICON_VIEW_DESC" default="allowed"/>
		<action name="core.create" title="JACTION_CREATE" description="COM_CATEGORIES_ACCESS_CREATE_DESC" />
		<action name="core.delete" title="JACTION_DELETE" description="COM_CATEGORIES_ACCESS_DELETE_DESC" />
		<action name="core.edit" title="JACTION_EDIT" description="COM_CATEGORIES_ACCESS_EDIT_DESC" />
		<action name="core.edit.state" title="JACTION_EDITSTATE" description="COM_CATEGORIES_ACCESS_EDITSTATE_DESC" />
	</section>
	<section name="icon">
		<action name="core.view" title="COM_SMARTICONS_ACCESS_ICON_VIEW" description="COM_SMARTICONS_ACCESS_ICON_VIEW_DESC" />
		<action name="core.delete" title="JACTION_DELETE" description="COM_SMARTICONS_ACCESS_ICON_DELETE_DESC" />
		<action name="core.edit" title="JACTION_EDIT" description="COM_SMARTICONS_ACCESS_ICON_EDIT_DESC" />
		<action name="core.edit.state" title="JACTION_EDITSTATE" description="COM_SMARTICONS_ACCESS_ICON_EDITSTATE_DESC" />
	</section>
</access>