<?xml version="1.0" encoding="UTF-8"?>
<extension type="component" version="3.0" method="upgrade">
	<name>COM_SMARTICONS</name>
	<author>Bogdan-Ioan SUTA</author>
	<creationDate>Nov 2012</creationDate>
	<copyright>(C) 2011 SUTA Bogdan-Ioan</copyright>
	<license>GNU/GPLv3 http://www.gnu.org/licenses/gpl-3.0.html</license>
	<authorEmail>bogdan.suta@naicum.ro</authorEmail>
	<authorUrl>http://extensions.naicum.ro</authorUrl>
	<version>2.0.0</version>
	<description>COM_SMARTICONS_DESCRIPTION</description>
    <scriptfile>script.php</scriptfile>
	<install> <!-- Runs on install -->
		<sql>
			<file driver="mysql" charset="utf8">sql/install.mysql.utf8.sql</file>
		</sql>
	</install>
    <update>
        <schemas>
            <schemapath type="mysql">sql/updates/mysql</schemapath>
        </schemas>
    </update>
	<uninstall> <!-- Runs on uninstall -->
		<sql>
			<file driver="mysql" charset="utf8">sql/uninstall.mysql.utf8.sql</file>
		</sql>
	</uninstall>

	<media destination="com_smarticons" folder="media">
	   <folder>css</folder>
	   <folder>images</folder>
	</media>

	<administration>
		<menu img="../media/com_smarticons/images/SmartIcons16x16.png">COM_SMARTICONS_MENU</menu>

		<files folder="admin">
			<filename>index.html</filename>
			<filename>access.xml</filename>
			<filename>config.xml</filename>
			<filename>controller.php</filename>
			<filename>smarticons.php</filename>
			<folder>controllers</folder>
			<folder>helpers</folder>
			<folder>images</folder>
			<folder>models</folder>
			<folder>module</folder>
			<folder>sql</folder>
			<folder>tables</folder>
			<folder>views</folder>
		</files>

		<languages folder="admin">
			<language tag="en-GB">language/en-GB/en-GB.com_smarticons.ini</language>
			<language tag="en-GB">language/en-GB/en-GB.com_smarticons.sys.ini</language>
		</languages>

	</administration>

	<updateservers>
		<!-- Note: No spaces or linebreaks allowed between the server tags -->
		<server type="extension" priority="1" name="SmartIcons Update Site">http://extensions.naicum.ro/update/smarticons-2-update.xml
		</server>
	</updateservers>
</extension>